CREATE DATABASE  IF NOT EXISTS `tecoffice` /*!40100 DEFAULT CHARACTER SET utf8mb4 COLLATE utf8mb4_0900_ai_ci */ /*!80016 DEFAULT ENCRYPTION='N' */;
USE `tecoffice`;
-- MySQL dump 10.13  Distrib 8.0.46, for Win64 (x86_64)
--
-- Host: 127.0.0.1    Database: tecoffice
-- ------------------------------------------------------
-- Server version	8.0.46

/*!40101 SET @OLD_CHARACTER_SET_CLIENT=@@CHARACTER_SET_CLIENT */;
/*!40101 SET @OLD_CHARACTER_SET_RESULTS=@@CHARACTER_SET_RESULTS */;
/*!40101 SET @OLD_COLLATION_CONNECTION=@@COLLATION_CONNECTION */;
/*!50503 SET NAMES utf8 */;
/*!40103 SET @OLD_TIME_ZONE=@@TIME_ZONE */;
/*!40103 SET TIME_ZONE='+00:00' */;
/*!40014 SET @OLD_UNIQUE_CHECKS=@@UNIQUE_CHECKS, UNIQUE_CHECKS=0 */;
/*!40014 SET @OLD_FOREIGN_KEY_CHECKS=@@FOREIGN_KEY_CHECKS, FOREIGN_KEY_CHECKS=0 */;
/*!40101 SET @OLD_SQL_MODE=@@SQL_MODE, SQL_MODE='NO_AUTO_VALUE_ON_ZERO' */;
/*!40111 SET @OLD_SQL_NOTES=@@SQL_NOTES, SQL_NOTES=0 */;

--
-- Table structure for table `departamento`
--

DROP TABLE IF EXISTS `departamento`;
/*!40101 SET @saved_cs_client     = @@character_set_client */;
/*!50503 SET character_set_client = utf8mb4 */;
CREATE TABLE `departamento` (
  `idDepartamento` int NOT NULL AUTO_INCREMENT,
  `nombreDepartamento` varchar(50) DEFAULT NULL,
  `jefe` varchar(60) DEFAULT NULL,
  PRIMARY KEY (`idDepartamento`)
) ENGINE=InnoDB AUTO_INCREMENT=15 DEFAULT CHARSET=utf8mb4 COLLATE=utf8mb4_0900_ai_ci;
/*!40101 SET character_set_client = @saved_cs_client */;

--
-- Dumping data for table `departamento`
--

LOCK TABLES `departamento` WRITE;
/*!40000 ALTER TABLE `departamento` DISABLE KEYS */;
INSERT INTO `departamento` VALUES (1,'Ventas','Laura Gómez'),(2,'Compras','Carlos Díaz'),(3,'Sistemas','Miguel López'),(4,'Marketing','Sofía Castro'),(5,'Contabilidad','Roberto Méndez'),(6,'Recursos Humanos','Elena Pastrana'),(7,'Operaciones','Alejandro Ruiz'),(8,'Ventas','Laura Gómez'),(9,'Compras','Carlos Díaz'),(10,'Sistemas','Miguel López'),(11,'Marketing','Sofía Castro'),(12,'Contabilidad','Roberto Méndez'),(13,'Recursos Humanos','Elena Pastrana'),(14,'Operaciones','Alejandro Ruiz');
/*!40000 ALTER TABLE `departamento` ENABLE KEYS */;
UNLOCK TABLES;

--
-- Table structure for table `empleado`
--

DROP TABLE IF EXISTS `empleado`;
/*!40101 SET @saved_cs_client     = @@character_set_client */;
/*!50503 SET character_set_client = utf8mb4 */;
CREATE TABLE `empleado` (
  `noEmpleado` int NOT NULL,
  `nombre` varchar(100) DEFAULT NULL,
  `telefono` varchar(15) DEFAULT NULL,
  `salario` decimal(10,2) DEFAULT NULL,
  `fechaIngreso` date DEFAULT NULL,
  `correoElectronico` varchar(100) DEFAULT NULL,
  `estatus` varchar(20) DEFAULT NULL,
  `idDepartamento` int DEFAULT NULL,
  `idPuesto` int DEFAULT NULL,
  PRIMARY KEY (`noEmpleado`),
  KEY `idDepartamento` (`idDepartamento`),
  KEY `idPuesto` (`idPuesto`),
  CONSTRAINT `empleado_ibfk_1` FOREIGN KEY (`idDepartamento`) REFERENCES `departamento` (`idDepartamento`),
  CONSTRAINT `empleado_ibfk_2` FOREIGN KEY (`idPuesto`) REFERENCES `puesto` (`idPuesto`)
) ENGINE=InnoDB DEFAULT CHARSET=utf8mb4 COLLATE=utf8mb4_0900_ai_ci;
/*!40101 SET character_set_client = @saved_cs_client */;

--
-- Dumping data for table `empleado`
--

LOCK TABLES `empleado` WRITE;
/*!40000 ALTER TABLE `empleado` DISABLE KEYS */;
INSERT INTO `empleado` VALUES (101,'Juan Pérez','555-1234',14500.00,'2023-02-15','juan.perez@empresa.com','Activo',1,1),(102,'Ana Ruiz','555-2345',11800.00,'2024-01-10','ana.ruiz@empresa.com','Activo',2,2),(103,'Luis Torres','555-3456',18500.00,'2022-09-08','luis.torres@empresa.com','Activo',3,3),(104,'Ricardo Gómez Pérez','555-4657',20200.00,'2019-07-26','ricardo.gomez104@empresa.com','Activo',4,4),(105,'Andrea Mendoza Castro','555-7912',17800.00,'2018-05-11','andrea.mendoza@empresa.com','Activo',5,5),(106,'Pedro Rodríguez García','555-4257',17500.00,'2026-01-11','pedro.rodriguez@empresa.com','Activo',5,5),(107,'Sofía Castillo Reyes','555-7924',24700.00,'2021-10-25','sofia.castillo@empresa.com','Activo',3,3),(108,'Pedro Ramos Sánchez','555-2584',21800.00,'2022-01-10','pedro.ramos108@empresa.com','Activo',1,6),(109,'Gabriela Martínez Chávez','555-3045',34700.00,'2022-03-31','gabriela.martinez@empresa.com','Activo',1,7),(110,'Elena Rivera Álvarez','555-4150',35800.00,'2025-11-25','elena.rivera@empresa.com','Activo',5,8),(111,'Andrea Rodríguez Ramos','555-2654',27100.00,'2022-04-06','andrea.rodriguez@empresa.com','Activo',3,3),(112,'Ricardo Rivera Ramírez','555-4432',20100.00,'2025-07-08','ricardo.rivera@empresa.com','Activo',2,9),(113,'Silvia Gutiérrez Álvarez','555-5010',24300.00,'2019-11-01','silvia.gutierrez@empresa.com','Activo',1,10),(114,'Miguel Vargas Álvarez','555-6313',27400.00,'2018-08-18','miguel.vargas@empresa.com','Activo',4,11),(115,'Ana Chávez Sánchez','555-4456',16000.00,'2024-05-12','ana.chavez115@empresa.com','Activo',6,12),(116,'Jorge González Álvarez','555-8517',37600.00,'2019-08-09','jorge.gonzalez@empresa.com','Activo',6,13),(117,'Sofía Mendoza Jiménez','555-7543',30900.00,'2022-01-22','sofia.mendoza@empresa.com','Activo',5,8),(118,'Carlos García Morales','555-3504',17300.00,'2025-01-14','carlos.garcia@empresa.com','Activo',1,6),(119,'Andrea Vázquez Cruz','555-8668',33500.00,'2023-12-08','andrea.vazquez@empresa.com','Activo',1,7),(120,'Isabel Medina Pérez','555-9797',27400.00,'2020-12-28','isabel.medina120@empresa.com','Activo',4,14),(121,'Jorge Gómez Hernández','555-1053',22300.00,'2026-02-05','jorge.gomez121@empresa.com','Activo',6,15),(122,'Roberto Ramos López','555-5889',18100.00,'2025-03-02','roberto.ramos@empresa.com','Activo',5,5),(123,'Pedro Díaz Ramírez','555-9689',31900.00,'2018-01-03','pedro.diaz@empresa.com','Activo',7,16),(124,'Patricia Pérez Gómez','555-1949',27300.00,'2020-09-13','patricia.perez124@empresa.com','Activo',3,17),(125,'Luis Torres Mendoza','555-3060',15800.00,'2019-06-10','luis.torres@empresa.com','Activo',6,18),(126,'Isabel López Martínez','555-9835',41800.00,'2026-03-09','isabel.lopez@empresa.com','Activo',5,19),(127,'Diego Gutiérrez Álvarez','555-8397',36400.00,'2019-05-11','diego.gutierrez@empresa.com','Activo',3,20),(128,'Luis Sánchez Pérez','555-1117',24100.00,'2018-10-18','luis.sanchez128@empresa.com','Activo',5,21),(129,'Ana Rodríguez Torres','555-9423',16700.00,'2020-09-01','ana.rodriguez@empresa.com','Activo',1,22),(130,'Patricia González Jiménez','555-8749',33900.00,'2022-07-26','patricia.gonzalez@empresa.com','Activo',2,23),(131,'María Gutiérrez Vázquez','555-8651',32900.00,'2026-03-06','maria.gutierrez@empresa.com','Activo',3,20),(132,'Ricardo Gómez Ruiz','555-2790',28000.00,'2020-10-15','ricardo.gomez@empresa.com','Activo',6,12),(133,'Isabel Castillo Díaz','555-8579',19500.00,'2020-10-20','isabel.castillo133@empresa.com','Activo',6,15),(134,'Luis Castillo Chávez','555-9856',11400.00,'2018-03-02','luis.castillo134@empresa.com','Activo',7,24),(135,'Silvia Ramos Medina','555-8956',20900.00,'2023-05-26','silvia.ramos@empresa.com','Activo',2,25),(136,'Diego Castro Ruiz','555-7396',32000.00,'2020-12-22','diego.castro136@empresa.com','Activo',2,23),(137,'Mónica Castillo Hernández','555-4111',31600.00,'2021-04-30','monica.castillo@empresa.com','Activo',6,13),(138,'Ana Reyes Mendoza','555-1936',15500.00,'2018-07-25','ana.reyes@empresa.com','Activo',5,5),(139,'Roberto Vargas Medina','555-9320',18700.00,'2018-11-25','roberto.vargas139@empresa.com','Activo',5,21),(140,'Luis Cruz Torres','555-2964',22800.00,'2024-05-22','luis.cruz@empresa.com','Activo',4,11),(141,'Gabriela Ruiz Cruz','555-9565',35700.00,'2021-07-19','gabriela.ruiz141@empresa.com','Activo',1,7),(142,'Pedro Gutiérrez Ortiz','555-7484',28200.00,'2019-06-21','pedro.gutierrez@empresa.com','Activo',3,26),(143,'Elena Castillo Sánchez','555-8508',11000.00,'2024-12-19','elena.castillo143@empresa.com','Activo',7,24),(144,'María Torres Jiménez','555-6718',16400.00,'2018-10-09','maria.torres144@empresa.com','Activo',2,9),(145,'Lucía Hernández López','555-9666',24900.00,'2018-02-02','lucia.hernandez@empresa.com','Activo',6,12),(146,'Isabel Hernández Vargas','555-3200',30600.00,'2020-12-19','isabel.hernandez@empresa.com','Activo',4,14),(147,'María Mendoza Jiménez','555-4450',18900.00,'2026-01-18','maria.mendoza@empresa.com','Activo',2,9),(148,'Beatriz Martínez García','555-2512',15700.00,'2025-02-11','beatriz.martinez@empresa.com','Activo',6,12),(149,'Miguel Ruiz Pérez','555-5291',40300.00,'2019-10-24','miguel.ruiz149@empresa.com','Activo',3,26),(150,'Isabel Ortiz Vázquez','555-2232',13900.00,'2025-10-01','isabel.ortiz150@empresa.com','Activo',5,5),(151,'Isabel Ruiz Rivera','555-3426',53000.00,'2022-10-27','isabel.ruiz@empresa.com','Activo',3,27),(152,'Elena Ramírez Castro','555-4441',13900.00,'2025-08-25','elena.ramirez@empresa.com','Activo',7,24),(153,'María Ramírez Ramos','555-4878',40900.00,'2019-10-28','maria.ramirez153@empresa.com','Activo',5,19),(154,'Mónica López Castro','555-6442',12900.00,'2022-08-14','monica.lopez154@empresa.com','Activo',6,18),(155,'Beatriz Mendoza Chávez','555-2771',16900.00,'2022-04-16','beatriz.mendoza155@empresa.com','Activo',2,9),(156,'Beatriz Morales Rodríguez','555-6000',34800.00,'2020-07-21','beatriz.morales@empresa.com','Activo',2,23),(157,'Andrea González Flores','555-5573',21700.00,'2021-12-09','andrea.gonzalez@empresa.com','Activo',3,17),(158,'Diego Gutiérrez Rivera','555-2889',17800.00,'2020-12-05','diego.gutierrez@empresa.com','Activo',5,8),(159,'Miguel Ruiz Gómez','555-6139',44000.00,'2022-11-23','miguel.ruiz@empresa.com','Activo',5,19),(160,'Roberto Gómez Flores','555-1727',25200.00,'2025-12-13','roberto.gomez@empresa.com','Activo',5,21),(161,'Roberto Vargas Chávez','555-8066',28800.00,'2018-10-14','roberto.vargas161@empresa.com','Activo',5,21),(162,'Silvia Sánchez Cruz','555-9308',29300.00,'2021-06-20','silvia.sanchez@empresa.com','Activo',3,3),(163,'Jorge Flores Ortiz','555-4143',46000.00,'2022-09-19','jorge.flores@empresa.com','Activo',3,27),(164,'Diego Gutiérrez Mendoza','555-9977',20900.00,'2018-01-02','diego.gutierrez@empresa.com','Activo',2,9),(165,'Pedro Vázquez Chávez','555-8238',32100.00,'2022-12-17','pedro.vazquez@empresa.com','Activo',5,8),(166,'Roberto Morales Chávez','555-5649',17000.00,'2023-10-13','roberto.morales@empresa.com','Activo',7,16),(167,'Gabriela Sánchez Torres','555-4680',24400.00,'2020-03-26','gabriela.sanchez@empresa.com','Activo',7,16),(168,'Ana Rodríguez Morales','555-7790',16700.00,'2025-01-23','ana.rodriguez@empresa.com','Activo',5,5),(169,'Fernando Ortiz Flores','555-3417',32300.00,'2025-05-11','fernando.ortiz@empresa.com','Activo',6,13),(170,'Raúl Ramos Medina','555-4585',14400.00,'2019-12-22','raul.ramos170@empresa.com','Activo',7,24),(171,'Fernando García Castillo','555-8478',17500.00,'2019-07-01','fernando.garcia171@empresa.com','Activo',1,10),(172,'Andrea García Jiménez','555-9270',31400.00,'2022-10-14','andrea.garcia172@empresa.com','Activo',5,8),(173,'Isabel Castillo Castro','555-5246',35600.00,'2020-10-09','isabel.castillo173@empresa.com','Activo',2,23),(174,'Miguel Ramos Ramos','555-5499',42300.00,'2022-12-07','miguel.ramos@empresa.com','Activo',5,19),(175,'Elena Rodríguez Martínez','555-2320',37100.00,'2019-07-21','elena.rodriguez@empresa.com','Activo',3,17),(176,'Diego Ortiz Díaz','555-7797',17300.00,'2022-07-28','diego.ortiz@empresa.com','Activo',4,11),(177,'Alejandro Vázquez Ruiz','555-1320',35100.00,'2024-06-16','alejandro.vazquez@empresa.com','Activo',2,23),(178,'Juan Ramírez Hernández','555-9818',42800.00,'2026-03-29','juan.ramirez@empresa.com','Activo',7,28),(179,'Sofía Morales Rodríguez','555-1475',35400.00,'2022-05-12','sofia.morales@empresa.com','Activo',3,20),(180,'Andrea Chávez Flores','555-8657',30000.00,'2019-06-07','andrea.chavez180@empresa.com','Activo',4,11),(181,'Isabel Pérez Vargas','555-8022',12100.00,'2019-07-10','isabel.perez181@empresa.com','Activo',6,18),(182,'Laura Ruiz Martínez','555-8449',18400.00,'2021-08-31','laura.ruiz@empresa.com','Activo',6,12),(183,'Raúl Flores Martínez','555-2341',40100.00,'2023-04-11','raul.flores@empresa.com','Activo',7,28),(184,'Isabel Ruiz Ramírez','555-1508',11300.00,'2020-10-09','isabel.ruiz@empresa.com','Activo',2,29),(185,'Juan Cruz Díaz','555-2874',22000.00,'2024-04-29','juan.cruz185@empresa.com','Activo',2,25),(186,'Alejandro Ortiz Martínez','555-2876',19700.00,'2019-11-02','alejandro.ortiz186@empresa.com','Activo',7,30),(187,'María Reyes Pérez','555-7498',50100.00,'2026-01-07','maria.reyes@empresa.com','Activo',3,27),(188,'Manuel Álvarez Rodríguez','555-2983',26800.00,'2024-05-07','manuel.alvarez188@empresa.com','Activo',1,22),(189,'Lucía Jiménez Vázquez','555-9289',17300.00,'2025-04-06','lucia.jimenez@empresa.com','Activo',4,4),(190,'Beatriz Vázquez Rivera','555-6934',15000.00,'2025-02-16','beatriz.vazquez190@empresa.com','Activo',6,18),(191,'Alejandro Ortiz Díaz','555-9548',26900.00,'2025-04-18','alejandro.ortiz@empresa.com','Activo',6,15),(192,'Mónica Vargas Jiménez','555-8136',43600.00,'2026-03-14','monica.vargas@empresa.com','Activo',7,28),(193,'Sofía Rivera Vargas','555-4995',22900.00,'2023-03-19','sofia.rivera@empresa.com','Activo',1,22),(194,'Andrea Flores Sánchez','555-6325',37300.00,'2020-01-15','andrea.flores@empresa.com','Activo',1,7),(195,'Lucía Chávez Martínez','555-5526',39000.00,'2024-03-26','lucia.chavez@empresa.com','Activo',3,17),(196,'Pedro Torres Rodríguez','555-4937',40800.00,'2025-09-29','pedro.torres@empresa.com','Activo',4,31),(197,'Fernando Morales Castillo','555-5820',11700.00,'2020-06-26','fernando.morales@empresa.com','Activo',7,24),(198,'Sofía Hernández Gutiérrez','555-9698',32400.00,'2021-11-09','sofia.hernandez@empresa.com','Activo',5,8),(199,'Claudia Jiménez Sánchez','555-6023',28300.00,'2020-10-26','claudia.jimenez@empresa.com','Activo',3,20),(200,'Claudia González Sánchez','555-4545',18700.00,'2026-04-14','claudia.gonzalez@empresa.com','Activo',1,10),(201,'Javier García Cruz','555-5853',25800.00,'2020-07-20','javier.garcia@empresa.com','Activo',3,3),(202,'Elena Pérez Ortiz','555-1745',25800.00,'2018-08-12','elena.perez@empresa.com','Activo',5,21),(203,'Fernando Díaz Álvarez','555-1200',37600.00,'2024-06-09','fernando.diaz@empresa.com','Activo',7,28),(204,'Patricia Castillo Sánchez','555-8827',13000.00,'2019-04-13','patricia.castillo204@empresa.com','Activo',2,29),(205,'Diego Morales Torres','555-3444',14200.00,'2024-04-24','diego.morales205@empresa.com','Activo',5,5),(206,'Luis Rodríguez Gómez','555-9561',42000.00,'2022-04-08','luis.rodriguez@empresa.com','Activo',5,19),(207,'Alejandro Hernández Medina','555-1986',43400.00,'2024-11-02','alejandro.hernandez207@empresa.com','Activo',5,19),(208,'María Ramos González','555-2330',20500.00,'2019-10-06','maria.ramos@empresa.com','Activo',4,11),(209,'Isabel Torres López','555-8699',34000.00,'2021-04-07','isabel.torres@empresa.com','Activo',1,7),(210,'Elena Ortiz Hernández','555-4824',33900.00,'2020-12-19','elena.ortiz210@empresa.com','Activo',4,31),(211,'Ricardo Reyes Gutiérrez','555-2880',28200.00,'2024-02-09','ricardo.reyes@empresa.com','Activo',7,16),(212,'Carlos Vargas Martínez','555-1977',16600.00,'2019-11-11','carlos.vargas212@empresa.com','Activo',7,16),(213,'Gabriela Mendoza Rivera','555-3037',31200.00,'2023-04-04','gabriela.mendoza@empresa.com','Activo',5,8),(214,'Fernando Flores Martínez','555-2317',45500.00,'2024-09-15','fernando.flores@empresa.com','Activo',5,19),(215,'Carmen Mendoza Sánchez','555-2496',17700.00,'2020-07-26','carmen.mendoza215@empresa.com','Activo',5,8),(216,'Manuel Medina Reyes','555-1659',15200.00,'2019-12-19','manuel.medina@empresa.com','Activo',5,5),(217,'Ricardo Castillo Vargas','555-8141',38600.00,'2025-02-13','ricardo.castillo217@empresa.com','Activo',3,26),(218,'Luis Morales Ramírez','555-2713',20200.00,'2019-10-21','luis.morales@empresa.com','Activo',6,12),(219,'Fernando Morales Hernández','555-8451',33400.00,'2018-12-27','fernando.morales@empresa.com','Activo',4,31),(220,'Jorge Gómez Ramos','555-8569',15900.00,'2022-08-20','jorge.gomez@empresa.com','Activo',6,18),(221,'Roberto Ramírez Cruz','555-1845',43200.00,'2020-04-13','roberto.ramirez@empresa.com','Activo',7,28),(222,'Carlos Vargas Hernández','555-1472',31300.00,'2025-01-24','carlos.vargas@empresa.com','Activo',6,13),(223,'Sofía Ortiz López','555-7684',44200.00,'2019-01-17','sofia.ortiz@empresa.com','Activo',3,27),(224,'Manuel Vargas Gómez','555-9165',12700.00,'2026-01-14','manuel.vargas@empresa.com','Activo',6,18),(225,'Carmen Rivera Morales','555-3369',22400.00,'2022-04-21','carmen.rivera@empresa.com','Activo',6,15),(226,'Gabriela García Mendoza','555-7798',13200.00,'2021-10-24','gabriela.garcia226@empresa.com','Activo',2,29),(227,'Roberto Martínez Rivera','555-5891',27400.00,'2024-08-01','roberto.martinez@empresa.com','Activo',1,22),(228,'Andrea Morales Medina','555-8935',36400.00,'2021-11-14','andrea.morales@empresa.com','Activo',2,23),(229,'Javier Jiménez Flores','555-4912',18000.00,'2024-05-31','javier.jimenez@empresa.com','Activo',6,12),(230,'Beatriz Ramos Vázquez','555-8749',27800.00,'2025-11-28','beatriz.ramos230@empresa.com','Activo',1,22),(231,'Diego Flores Gutiérrez','555-1606',30500.00,'2019-06-02','diego.flores@empresa.com','Activo',7,16),(232,'Francisco Sánchez Medina','555-9617',31200.00,'2023-02-15','francisco.sanchez@empresa.com','Activo',1,7),(233,'Carlos Vázquez Medina','555-8692',17400.00,'2020-12-21','carlos.vazquez@empresa.com','Activo',4,11),(234,'Fernando Flores Álvarez','555-9742',26600.00,'2022-04-06','fernando.flores234@empresa.com','Activo',1,22),(235,'Ricardo Ortiz Castro','555-1588',44800.00,'2024-12-04','ricardo.ortiz@empresa.com','Activo',7,28),(236,'Ricardo Gutiérrez Vargas','555-8110',22400.00,'2019-02-08','ricardo.gutierrez236@empresa.com','Activo',3,26),(237,'Fernando Medina Gómez','555-5906',26300.00,'2018-04-29','fernando.medina@empresa.com','Activo',6,15),(238,'Mónica Ruiz Hernández','555-3385',33600.00,'2020-09-27','monica.ruiz@empresa.com','Activo',3,17),(239,'Francisco Gutiérrez Chávez','555-2293',17100.00,'2024-11-01','francisco.gutierrez239@empresa.com','Activo',2,25),(240,'Gabriela Gutiérrez Rodríguez','555-8555',18700.00,'2025-02-25','gabriela.gutierrez@empresa.com','Activo',6,15),(241,'Miguel Gutiérrez Pérez','555-9955',40700.00,'2019-10-10','miguel.gutierrez@empresa.com','Activo',7,28),(242,'Lucía Reyes Hernández','555-8484',36800.00,'2021-05-22','lucia.reyes@empresa.com','Activo',4,31),(243,'Diego Medina Morales','555-6881',21800.00,'2024-06-12','diego.medina@empresa.com','Activo',1,10),(244,'Fernando Hernández Pérez','555-1132',40400.00,'2024-05-07','fernando.hernandez244@empresa.com','Activo',7,28),(245,'Javier Mendoza Ruiz','555-4770',43000.00,'2024-10-22','javier.mendoza245@empresa.com','Activo',5,19),(246,'Sofía Álvarez González','555-2591',21300.00,'2025-01-14','sofia.alvarez@empresa.com','Activo',5,8),(247,'Elena Chávez Castillo','555-3153',27500.00,'2019-01-05','elena.chavez247@empresa.com','Activo',1,22),(248,'Jorge Mendoza Vázquez','555-9837',16400.00,'2022-02-07','jorge.mendoza@empresa.com','Activo',2,25),(249,'Silvia Martínez Rivera','555-8894',29200.00,'2021-04-23','silvia.martinez249@empresa.com','Activo',2,9),(250,'Jorge Chávez Gómez','555-4696',12600.00,'2025-08-02','jorge.chavez250@empresa.com','Activo',6,18),(251,'Diego Medina Chávez','555-7464',19800.00,'2018-02-27','diego.medina@empresa.com','Activo',5,8),(252,'María Castillo Ramírez','555-7242',25800.00,'2025-02-28','maria.castillo252@empresa.com','Activo',4,4),(253,'María Gutiérrez Rodríguez','555-6374',16000.00,'2024-11-03','maria.gutierrez@empresa.com','Activo',6,18),(254,'Luis Álvarez Rivera','555-7689',25500.00,'2019-04-23','luis.alvarez@empresa.com','Activo',6,12),(255,'Ana Hernández Morales','555-9807',19400.00,'2019-07-10','ana.hernandez@empresa.com','Activo',1,6),(256,'Lucía Gutiérrez Mendoza','555-7797',35300.00,'2025-05-06','lucia.gutierrez@empresa.com','Activo',4,31),(257,'Patricia Cruz Vázquez','555-4559',31600.00,'2022-12-22','patricia.cruz@empresa.com','Activo',3,3),(258,'Sofía Medina Ramírez','555-6876',24500.00,'2018-09-06','sofia.medina@empresa.com','Activo',1,22),(259,'Pedro Gómez Medina','555-4475',37500.00,'2025-03-13','pedro.gomez@empresa.com','Activo',7,28),(260,'Juan Ruiz Chávez','555-4362',23600.00,'2018-10-09','juan.ruiz260@empresa.com','Activo',3,26),(261,'Isabel González Reyes','555-3417',19600.00,'2024-09-07','isabel.gonzalez@empresa.com','Activo',2,25),(262,'Beatriz Díaz Díaz','555-2801',22600.00,'2025-05-31','beatriz.diaz262@empresa.com','Activo',5,8),(263,'Carlos Pérez Ramírez','555-6304',33500.00,'2018-03-06','carlos.perez@empresa.com','Activo',7,16),(264,'Ana Díaz Mendoza','555-8802',12000.00,'2023-01-11','ana.diaz264@empresa.com','Activo',6,18),(265,'Roberto Reyes Gómez','555-1710',25000.00,'2026-02-26','roberto.reyes265@empresa.com','Activo',6,15),(266,'Roberto Hernández Castillo','555-8847',17200.00,'2022-07-04','roberto.hernandez@empresa.com','Activo',4,14),(267,'María Morales Ortiz','555-6277',12100.00,'2024-10-27','maria.morales@empresa.com','Activo',6,18),(268,'Carlos Martínez Cruz','555-9692',22400.00,'2021-04-22','carlos.martinez@empresa.com','Activo',4,4),(269,'Gabriela Vázquez Gómez','555-8046',12700.00,'2023-01-24','gabriela.vazquez269@empresa.com','Activo',7,24),(270,'Carmen Sánchez Rivera','555-2557',33800.00,'2021-07-04','carmen.sanchez@empresa.com','Activo',6,13),(271,'Andrea Martínez Ramírez','555-2494',32500.00,'2018-12-16','andrea.martinez@empresa.com','Activo',2,23),(272,'María Mendoza Mendoza','555-1982',37700.00,'2024-07-30','maria.mendoza272@empresa.com','Activo',3,26),(273,'Isabel Sánchez Gutiérrez','555-7929',33200.00,'2026-02-01','isabel.sanchez@empresa.com','Activo',1,7),(274,'Elena Ramírez Gómez','555-8900',21900.00,'2020-07-07','elena.ramirez274@empresa.com','Activo',5,21),(275,'Lucía Medina Jiménez','555-4705',28600.00,'2022-10-24','lucia.medina275@empresa.com','Activo',3,3),(276,'Javier Rivera Cruz','555-5381',17900.00,'2018-04-29','javier.rivera@empresa.com','Activo',5,5),(277,'Fernando Ramos Hernández','555-3972',19700.00,'2019-08-10','fernando.ramos@empresa.com','Activo',3,17),(278,'Diego Torres Díaz','555-9691',17700.00,'2020-05-31','diego.torres@empresa.com','Activo',4,14),(279,'Alejandro Sánchez López','555-2391',30100.00,'2018-08-04','alejandro.sanchez@empresa.com','Activo',3,17),(280,'Javier Cruz Ruiz','555-8259',20700.00,'2025-06-04','javier.cruz@empresa.com','Activo',4,14),(281,'Gabriela Castillo Vázquez','555-2864',36200.00,'2021-11-14','gabriela.castillo@empresa.com','Activo',3,26),(282,'Elena Gutiérrez Gutiérrez','555-6053',47000.00,'2018-07-06','elena.gutierrez@empresa.com','Activo',5,19),(283,'Gabriela Ruiz Pérez','555-4460',29700.00,'2019-07-17','gabriela.ruiz283@empresa.com','Activo',2,9),(284,'Elena Sánchez Gómez','555-8055',36500.00,'2019-12-21','elena.sanchez@empresa.com','Activo',1,7),(285,'Isabel Ortiz Rodríguez','555-7505',19200.00,'2026-04-28','isabel.ortiz@empresa.com','Inactivo',5,8),(286,'Silvia Torres Medina','555-7626',51000.00,'2025-12-16','silvia.torres@empresa.com','Activo',3,27),(287,'Elena Gómez Flores','555-8538',18400.00,'2025-09-25','elena.gomez287@empresa.com','Activo',1,22),(288,'Luis Vázquez Medina','555-7560',22700.00,'2023-11-17','luis.vazquez@empresa.com','Activo',1,10),(289,'Beatriz Hernández Mendoza','555-3754',30400.00,'2018-11-09','beatriz.hernandez@empresa.com','Activo',3,26),(290,'María García García','555-3419',20000.00,'2020-08-25','maria.garcia@empresa.com','Activo',2,9),(291,'Miguel González López','555-3902',19300.00,'2025-01-16','miguel.gonzalez@empresa.com','Activo',5,21),(292,'Javier Reyes Ramos','555-6295',47600.00,'2025-01-13','javier.reyes@empresa.com','Activo',5,19),(293,'Alejandro Torres Morales','555-5500',27900.00,'2024-08-19','alejandro.torres@empresa.com','Activo',6,12),(294,'Roberto Torres Hernández','555-1932',30700.00,'2022-02-19','roberto.torres294@empresa.com','Activo',6,13),(295,'Luis Álvarez Medina','555-7299',15100.00,'2023-03-11','luis.alvarez@empresa.com','Activo',7,24),(296,'Mónica Mendoza Castro','555-4084',37800.00,'2021-08-09','monica.mendoza@empresa.com','Activo',1,7),(297,'Roberto Díaz Ruiz','555-2381',14300.00,'2023-08-29','roberto.diaz@empresa.com','Activo',6,18),(298,'Ana Rodríguez Ortiz','555-9564',34600.00,'2024-11-02','ana.rodriguez@empresa.com','Activo',6,13),(299,'Lucía Vargas Hernández','555-6543',36700.00,'2025-08-12','lucia.vargas@empresa.com','Activo',6,13),(300,'Mónica Álvarez Álvarez','555-2548',30300.00,'2024-04-04','monica.alvarez@empresa.com','Activo',3,3),(301,'Elena Martínez Mendoza','555-2335',25200.00,'2024-07-14','elena.martinez@empresa.com','Activo',7,16),(302,'Silvia Ramírez Hernández','555-2388',34900.00,'2021-06-22','silvia.ramirez@empresa.com','Activo',4,31),(303,'Ricardo Chávez Sánchez','555-2531',31500.00,'2025-03-31','ricardo.chavez@empresa.com','Activo',7,16),(304,'Roberto Ramírez Pérez','555-4509',25400.00,'2021-10-31','roberto.ramirez304@empresa.com','Activo',3,17),(305,'Patricia González Rodríguez','555-5846',15500.00,'2019-02-19','patricia.gonzalez@empresa.com','Activo',2,25),(306,'Isabel Rivera Mendoza','555-3147',15700.00,'2024-09-12','isabel.rivera@empresa.com','Activo',5,5),(307,'Laura López Rivera','555-8170',28000.00,'2018-06-28','laura.lopez@empresa.com','Activo',4,11),(308,'Andrea Mendoza Rodríguez','555-8355',27200.00,'2020-08-16','andrea.mendoza@empresa.com','Activo',6,12),(309,'Elena Chávez Chávez','555-8218',20900.00,'2023-03-07','elena.chavez309@empresa.com','Activo',6,15),(310,'Javier Flores García','555-4271',41000.00,'2024-10-12','javier.flores@empresa.com','Activo',5,19),(311,'Miguel Ruiz Álvarez','555-2680',24000.00,'2025-12-23','miguel.ruiz311@empresa.com','Activo',6,12),(312,'Beatriz Gómez Hernández','555-8361',20000.00,'2023-10-04','beatriz.gomez@empresa.com','Activo',1,10),(313,'Carmen Torres Vargas','555-6727',39200.00,'2018-04-20','carmen.torres@empresa.com','Activo',2,23),(314,'Diego García Ramírez','555-7142',32600.00,'2020-07-08','diego.garcia@empresa.com','Activo',2,23),(315,'Silvia Gómez Rivera','555-3392',29200.00,'2019-07-18','silvia.gomez@empresa.com','Activo',4,4),(316,'Silvia Rivera Morales','555-8685',28600.00,'2023-01-12','silvia.rivera@empresa.com','Activo',4,11),(317,'Raúl Torres Pérez','555-9991',24300.00,'2026-02-26','raul.torres@empresa.com','Activo',3,26),(318,'Javier Hernández Rodríguez','555-4906',21000.00,'2022-09-16','javier.hernandez@empresa.com','Activo',3,3),(319,'Gabriela Castillo Torres','555-9782',35200.00,'2018-03-09','gabriela.castillo@empresa.com','Activo',1,7),(320,'Francisco Rodríguez Ortiz','555-1025',21300.00,'2024-11-23','francisco.rodriguez@empresa.com','Activo',2,9),(321,'Francisco Vázquez López','555-6908',24800.00,'2018-10-05','francisco.vazquez321@empresa.com','Activo',4,14),(322,'Isabel García Chávez','555-8702',16100.00,'2018-06-28','isabel.garcia@empresa.com','Activo',5,5),(323,'Lucía Martínez Mendoza','555-6649',16700.00,'2020-09-14','lucia.martinez323@empresa.com','Activo',1,22),(324,'Ricardo Gómez Ramos','555-1726',21200.00,'2021-12-14','ricardo.gomez@empresa.com','Activo',5,8),(325,'Manuel Álvarez López','555-3986',43800.00,'2019-07-07','manuel.alvarez@empresa.com','Activo',7,28),(326,'Javier Castillo Ruiz','555-4268',20900.00,'2018-06-21','javier.castillo@empresa.com','Activo',3,26),(327,'Elena García Flores','555-1599',40100.00,'2025-04-03','elena.garcia@empresa.com','Activo',7,28),(328,'Lucía Medina Ramos','555-3039',20000.00,'2022-02-16','lucia.medina@empresa.com','Activo',1,22),(329,'Diego Mendoza Castillo','555-9129',18000.00,'2025-10-05','diego.mendoza@empresa.com','Activo',6,12),(330,'Silvia Chávez García','555-2293',33400.00,'2022-10-30','silvia.chavez@empresa.com','Activo',3,3),(331,'Manuel López Jiménez','555-2311',22800.00,'2021-09-05','manuel.lopez@empresa.com','Activo',3,17),(332,'Elena Castillo Cruz','555-8272',35500.00,'2021-12-10','elena.castillo@empresa.com','Activo',4,31),(333,'Claudia Medina Vargas','555-5498',51100.00,'2025-03-04','claudia.medina333@empresa.com','Activo',3,27),(334,'Ana Torres Gutiérrez','555-9406',38700.00,'2025-08-14','ana.torres@empresa.com','Activo',4,31),(335,'Juan Díaz Medina','555-3068',38900.00,'2018-10-03','juan.diaz@empresa.com','Activo',5,19),(336,'Ricardo Ramírez Ramírez','555-8371',12700.00,'2022-02-28','ricardo.ramirez@empresa.com','Activo',6,18),(337,'Javier Torres Reyes','555-6150',20800.00,'2025-04-14','javier.torres@empresa.com','Activo',2,9),(338,'María Pérez Mendoza','555-7340',36200.00,'2024-04-19','maria.perez@empresa.com','Activo',2,23),(339,'Javier Martínez Ortiz','555-5678',24900.00,'2025-10-13','javier.martinez339@empresa.com','Activo',6,15),(340,'Patricia González Gómez','555-3828',14700.00,'2025-12-31','patricia.gonzalez@empresa.com','Activo',2,29),(341,'Luis Chávez Gutiérrez','555-2063',25600.00,'2024-03-02','luis.chavez@empresa.com','Activo',7,30),(342,'Raúl Hernández Medina','555-6922',27300.00,'2023-09-15','raul.hernandez@empresa.com','Activo',2,25),(343,'Pedro Chávez Díaz','555-6912',32200.00,'2024-03-19','pedro.chavez@empresa.com','Activo',2,23),(344,'Alejandro Chávez Jiménez','555-6067',11500.00,'2022-06-19','alejandro.chavez344@empresa.com','Activo',2,29),(345,'Claudia Morales García','555-2208',37100.00,'2019-05-29','claudia.morales345@empresa.com','Activo',6,13),(346,'Ricardo Torres Castillo','555-3981',17000.00,'2019-06-13','ricardo.torres@empresa.com','Activo',6,12),(347,'Silvia Medina Ruiz','555-3507',15200.00,'2021-05-30','silvia.medina@empresa.com','Activo',7,24),(348,'Jorge Vargas Ortiz','555-9501',29800.00,'2021-03-09','jorge.vargas348@empresa.com','Activo',2,9),(349,'Miguel González Álvarez','555-5961',21000.00,'2024-11-21','miguel.gonzalez@empresa.com','Activo',5,8),(350,'Roberto Álvarez López','555-6531',22500.00,'2024-04-27','roberto.alvarez@empresa.com','Activo',5,21),(351,'Beatriz Pérez Torres','555-4453',26200.00,'2024-06-01','beatriz.perez@empresa.com','Activo',1,22),(352,'Ricardo Pérez Morales','555-5949',26700.00,'2023-06-02','ricardo.perez@empresa.com','Activo',4,4),(353,'Mónica Gutiérrez Flores','555-1981',21800.00,'2019-10-10','monica.gutierrez@empresa.com','Activo',3,20),(354,'Patricia Castillo González','555-6121',46300.00,'2026-01-21','patricia.castillo@empresa.com','Activo',3,27),(355,'Lucía Flores Díaz','555-2739',31100.00,'2021-07-31','lucia.flores@empresa.com','Activo',7,30),(356,'María Martínez Castillo','555-1829',15800.00,'2021-04-03','maria.martinez356@empresa.com','Activo',2,25),(357,'Beatriz Cruz Vázquez','555-6364',27600.00,'2024-06-24','beatriz.cruz357@empresa.com','Activo',2,25),(358,'Pedro Ramos López','555-6055',34400.00,'2023-07-31','pedro.ramos@empresa.com','Activo',6,13),(359,'Diego García Castillo','555-6781',23800.00,'2018-07-19','diego.garcia@empresa.com','Activo',2,25),(360,'Patricia Cruz Castro','555-9793',40600.00,'2018-02-03','patricia.cruz360@empresa.com','Activo',7,28),(361,'Carmen Díaz Castro','555-6995',32700.00,'2018-07-05','carmen.diaz@empresa.com','Activo',3,17),(362,'Francisco Jiménez González','555-2204',48700.00,'2022-05-02','francisco.jimenez@empresa.com','Activo',3,27),(363,'Javier Jiménez Martínez','555-2584',12000.00,'2022-06-02','javier.jimenez@empresa.com','Activo',7,24),(364,'Jorge Jiménez Ramírez','555-9341',20800.00,'2022-07-03','jorge.jimenez@empresa.com','Activo',7,16),(365,'Ana Ruiz Díaz','555-8761',29400.00,'2023-10-29','ana.ruiz@empresa.com','Activo',4,4),(366,'Gabriela Castro García','555-6218',29500.00,'2019-10-28','gabriela.castro@empresa.com','Activo',2,9),(367,'Elena Reyes Sánchez','555-5911',47600.00,'2023-04-30','elena.reyes367@empresa.com','Activo',5,19),(368,'Lucía Sánchez Gutiérrez','555-6040',35100.00,'2026-02-18','lucia.sanchez368@empresa.com','Activo',1,7),(369,'Gabriela Morales Martínez','555-1841',28000.00,'2024-07-18','gabriela.morales@empresa.com','Activo',4,11),(370,'Roberto Álvarez Mendoza','555-4968',40800.00,'2018-05-10','roberto.alvarez@empresa.com','Activo',5,19),(371,'Fernando Gómez González','555-7861',32900.00,'2019-09-13','fernando.gomez@empresa.com','Activo',1,7),(372,'Pedro Vázquez García','555-3262',37000.00,'2023-10-26','pedro.vazquez@empresa.com','Activo',7,28),(373,'Jorge Gutiérrez Morales','555-3837',43500.00,'2023-02-26','jorge.gutierrez373@empresa.com','Activo',5,19),(374,'Andrea Ramos Medina','555-8932',26200.00,'2020-02-27','andrea.ramos374@empresa.com','Activo',4,4),(375,'Miguel Jiménez Hernández','555-5735',26900.00,'2025-11-27','miguel.jimenez@empresa.com','Activo',2,9),(376,'Fernando Morales Sánchez','555-5480',24100.00,'2021-03-24','fernando.morales@empresa.com','Activo',6,12),(377,'Andrea Jiménez Flores','555-3399',27600.00,'2021-04-04','andrea.jimenez@empresa.com','Activo',6,12),(378,'Fernando Torres Ramírez','555-8849',27100.00,'2020-05-26','fernando.torres@empresa.com','Activo',6,12),(379,'Isabel Martínez Vargas','555-2789',21300.00,'2024-11-26','isabel.martinez379@empresa.com','Activo',5,8),(380,'Sofía Rodríguez Ruiz','555-4814',26700.00,'2018-08-04','sofia.rodriguez@empresa.com','Activo',4,11),(381,'Jorge Ortiz Morales','555-3587',15600.00,'2022-07-25','jorge.ortiz@empresa.com','Activo',1,10),(382,'Raúl Castro Morales','555-5706',27300.00,'2021-08-08','raul.castro@empresa.com','Activo',6,15),(383,'Ana Vargas Ramos','555-1611',24300.00,'2019-12-19','ana.vargas@empresa.com','Activo',1,10),(384,'Manuel López Vargas','555-9116',36800.00,'2020-02-03','manuel.lopez384@empresa.com','Activo',1,7),(385,'Beatriz Vargas Hernández','555-2758',20400.00,'2021-10-04','beatriz.vargas@empresa.com','Activo',1,6),(386,'Ricardo Jiménez García','555-8668',23200.00,'2021-01-22','ricardo.jimenez@empresa.com','Activo',6,15),(387,'María Sánchez López','555-4050',37000.00,'2018-02-27','maria.sanchez387@empresa.com','Activo',4,31),(388,'Mónica Hernández Reyes','555-7643',19100.00,'2022-10-18','monica.hernandez@empresa.com','Activo',4,11),(389,'Luis Flores Gutiérrez','555-8822',17900.00,'2021-08-18','luis.flores389@empresa.com','Activo',1,10),(390,'Juan Martínez Flores','555-5374',38100.00,'2021-09-12','juan.martinez@empresa.com','Activo',2,23),(391,'Claudia Reyes Pérez','555-2017',27200.00,'2025-06-28','claudia.reyes@empresa.com','Activo',3,17),(392,'Elena López Flores','555-2923',27500.00,'2025-03-01','elena.lopez392@empresa.com','Activo',4,4),(393,'Elena Ramírez Cruz','555-3188',29900.00,'2023-05-13','elena.ramirez@empresa.com','Activo',2,25),(394,'Claudia Cruz Ramírez','555-9806',36600.00,'2025-06-13','claudia.cruz394@empresa.com','Activo',6,13),(395,'Javier Rodríguez Gutiérrez','555-8319',15300.00,'2023-12-04','javier.rodriguez395@empresa.com','Activo',7,24),(396,'Luis Vargas Reyes','555-9281',24500.00,'2020-04-08','luis.vargas@empresa.com','Activo',1,6),(397,'Carlos López Sánchez','555-4365',37900.00,'2026-01-15','carlos.lopez@empresa.com','Inactivo',7,28),(398,'Roberto Castillo Chávez','555-9409',31400.00,'2022-08-29','roberto.castillo@empresa.com','Activo',1,7),(399,'Ana Jiménez Castillo','555-1356',28100.00,'2022-06-10','ana.jimenez@empresa.com','Activo',4,4),(400,'Juan Mendoza González','555-7941',13300.00,'2021-11-12','juan.mendoza400@empresa.com','Activo',5,5),(401,'Juan Pérez','555-1234',14500.00,'2023-02-15','juan.perez401@empresa.com','Activo',8,32),(402,'María López','555-5678',16200.00,'2022-11-10','maria.lopez402@empresa.com','Activo',9,33),(403,'Carlos Ramírez','555-9012',18900.00,'2021-08-21','carlos.ramirez403@empresa.com','Activo',10,34),(404,'Ana Torres','555-3456',17300.00,'2020-05-14','ana.torres404@empresa.com','Activo',11,35),(405,'Luis Hernández','555-7890',21000.00,'2019-09-30','luis.hernandez405@empresa.com','Activo',12,36),(406,'Sofía Martínez','555-2345',15800.00,'2023-01-12','sofia.martinez406@empresa.com','Activo',13,32),(407,'Diego Sánchez','555-6789',17600.00,'2022-07-18','diego.sanchez407@empresa.com','Activo',14,33),(408,'Fernanda Ruiz','555-1122',19400.00,'2021-10-05','fernanda.ruiz408@empresa.com','Activo',8,34),(409,'Jorge Castillo','555-3344',18100.00,'2020-03-22','jorge.castillo409@empresa.com','Activo',9,35),(410,'Daniela Flores','555-5566',22500.00,'2019-12-11','daniela.flores410@empresa.com','Activo',10,36),(411,'Ricardo Morales','555-7788',14900.00,'2023-04-01','ricardo.morales411@empresa.com','Activo',11,32),(412,'Patricia Vega','555-9900',16700.00,'2022-06-27','patricia.vega412@empresa.com','Activo',12,33),(413,'Miguel Ortiz','555-2233',18500.00,'2021-01-09','miguel.ortiz413@empresa.com','Activo',13,34),(414,'Gabriela Cruz','555-4455',17800.00,'2020-08-16','gabriela.cruz414@empresa.com','Activo',14,35),(415,'Eduardo Navarro','555-6677',23200.00,'2019-11-28','eduardo.navarro415@empresa.com','Activo',8,36),(416,'Valeria Romero','555-8899',15400.00,'2023-05-19','valeria.romero416@empresa.com','Activo',9,32),(417,'Alejandro Silva','555-1010',17100.00,'2022-09-08','alejandro.silva417@empresa.com','Activo',10,33),(418,'Natalia Mendoza','555-2020',19600.00,'2021-04-13','natalia.mendoza418@empresa.com','Activo',11,34),(419,'José Rojas','555-3030',18300.00,'2020-07-25','jose.rojas419@empresa.com','Activo',12,35),(420,'Paola Herrera','555-4040',21900.00,'2019-10-17','paola.herrera420@empresa.com','Activo',13,36),(421,'Isabel López Martínez','555-9835',41800.00,'2026-03-09','isabel.lopez421@empresa.com','Activo',14,32),(422,'Diego Gutiérrez Álvarez','555-8397',36400.00,'2019-05-11','diego.gutierrez422@empresa.com','Activo',8,33),(423,'Luis Sánchez Pérez','555-1117',24100.00,'2018-10-18','luis.sanchez423@empresa.com','Activo',9,34),(424,'Ana Rodríguez Torres','555-9423',16700.00,'2020-09-01','ana.rodriguez424@empresa.com','Activo',10,35),(425,'Patricia González Jiménez','555-8749',33900.00,'2022-07-26','patricia.gonzalez425@empresa.com','Activo',11,36),(426,'María Gutiérrez Vázquez','555-8651',32900.00,'2026-03-06','maria.gutierrez426@empresa.com','Activo',12,32),(427,'Ricardo Gómez Ruiz','555-2790',28000.00,'2020-10-15','ricardo.gomez427@empresa.com','Activo',13,33),(428,'Isabel Castillo Díaz','555-8579',19500.00,'2020-10-20','isabel.castillo428@empresa.com','Activo',14,34),(429,'Luis Castillo Chávez','555-9856',11400.00,'2018-03-02','luis.castillo429@empresa.com','Activo',8,35),(430,'Silvia Ramos Medina','555-8956',20900.00,'2023-05-26','silvia.ramos430@empresa.com','Activo',9,36),(431,'Diego Castro Ruiz','555-7396',32000.00,'2020-12-22','diego.castro431@empresa.com','Activo',10,32),(432,'Mónica Castillo Hernández','555-4111',31600.00,'2021-04-30','monica.castillo432@empresa.com','Activo',11,33),(433,'Ana Reyes Mendoza','555-1936',15500.00,'2018-07-25','ana.reyes433@empresa.com','Activo',12,34),(434,'Roberto Vargas Medina','555-9320',18700.00,'2018-11-25','roberto.vargas434@empresa.com','Activo',13,35),(435,'Luis Cruz Torres','555-2964',22800.00,'2024-05-22','luis.cruz435@empresa.com','Activo',14,36),(436,'Gabriela Ruiz Cruz','555-9565',35700.00,'2021-07-19','gabriela.ruiz436@empresa.com','Activo',8,32),(437,'Pedro Gutiérrez Ortiz','555-7484',28200.00,'2019-06-21','pedro.gutierrez437@empresa.com','Activo',9,33),(438,'Elena Castillo Sánchez','555-8508',11000.00,'2024-12-19','elena.castillo438@empresa.com','Activo',10,34),(439,'María Torres Jiménez','555-6718',16400.00,'2018-10-09','maria.torres439@empresa.com','Activo',11,35),(440,'Lucía Hernández López','555-9666',24900.00,'2018-02-02','lucia.hernandez440@empresa.com','Activo',12,36),(441,'Isabel Hernández Vargas','555-3200',30600.00,'2020-12-19','isabel.hernandez441@empresa.com','Activo',13,32),(442,'María Mendoza Jiménez','555-4450',18900.00,'2026-01-18','maria.mendoza442@empresa.com','Activo',14,33),(443,'Beatriz Martínez García','555-2512',15700.00,'2025-02-11','beatriz.martinez443@empresa.com','Activo',8,34),(444,'Miguel Ruiz Pérez','555-5291',40300.00,'2019-10-24','miguel.ruiz444@empresa.com','Activo',9,35),(445,'Isabel Ortiz Vázquez','555-2232',13900.00,'2025-10-01','isabel.ortiz445@empresa.com','Activo',10,36),(446,'Isabel Ruiz Rivera','555-3426',53000.00,'2022-10-27','isabel.ruiz446@empresa.com','Activo',11,32),(447,'Elena Ramírez Castro','555-4441',13900.00,'2025-08-25','elena.ramirez447@empresa.com','Activo',12,33),(448,'María Ramírez Ramos','555-4878',40900.00,'2019-10-28','maria.ramirez448@empresa.com','Activo',13,34),(449,'Mónica López Castro','555-6442',12900.00,'2022-08-14','monica.lopez449@empresa.com','Activo',14,35),(450,'Beatriz Mendoza Chávez','555-2771',16900.00,'2022-04-16','beatriz.mendoza450@empresa.com','Activo',8,36),(451,'Beatriz Morales Rodríguez','555-6000',34800.00,'2020-07-21','beatriz.morales451@empresa.com','Activo',9,32),(452,'Andrea González Flores','555-5573',21700.00,'2021-12-09','andrea.gonzalez452@empresa.com','Activo',10,33),(453,'Diego Gutiérrez Rivera','555-2889',17800.00,'2020-12-05','diego.gutierrez453@empresa.com','Activo',11,34),(454,'Miguel Ruiz Gómez','555-6139',44000.00,'2022-11-23','miguel.ruiz454@empresa.com','Activo',12,35),(455,'Roberto Gómez Flores','555-1727',25200.00,'2025-12-13','roberto.gomez455@empresa.com','Activo',13,36),(456,'Roberto Vargas Chávez','555-8066',28800.00,'2018-10-14','roberto.vargas456@empresa.com','Activo',14,32),(457,'Silvia Sánchez Cruz','555-9308',29300.00,'2021-06-20','silvia.sanchez457@empresa.com','Activo',8,33),(458,'Jorge Flores Ortiz','555-4143',46000.00,'2022-09-19','jorge.flores458@empresa.com','Activo',9,34),(459,'Diego Gutiérrez Mendoza','555-9977',20900.00,'2018-01-02','diego.gutierrez459@empresa.com','Activo',10,35),(460,'Pedro Vázquez Chávez','555-8238',32100.00,'2022-12-17','pedro.vazquez460@empresa.com','Activo',11,36),(461,'Roberto Morales Chávez','555-5649',17000.00,'2023-10-13','roberto.morales461@empresa.com','Activo',12,32),(462,'Gabriela Sánchez Torres','555-4680',24400.00,'2020-03-26','gabriela.sanchez462@empresa.com','Activo',13,33),(463,'Ana Rodríguez Morales','555-7790',16700.00,'2025-01-23','ana.rodriguez463@empresa.com','Activo',14,34),(464,'Fernando Ortiz Flores','555-3417',32300.00,'2025-05-11','fernando.ortiz464@empresa.com','Activo',8,35),(465,'Raúl Ramos Medina','555-4585',14400.00,'2019-12-22','raul.ramos465@empresa.com','Activo',9,36),(466,'Fernando García Castillo','555-8478',17500.00,'2019-07-01','fernando.garcia466@empresa.com','Activo',10,32),(467,'Andrea García Jiménez','555-9270',31400.00,'2022-10-14','andrea.garcia467@empresa.com','Activo',11,33),(468,'Isabel Castillo Castro','555-5246',35600.00,'2020-10-09','isabel.castillo468@empresa.com','Activo',12,34),(469,'Miguel Ramos Ramos','555-5499',42300.00,'2022-12-07','miguel.ramos469@empresa.com','Activo',13,35),(470,'Elena Rodríguez Martínez','555-2320',37100.00,'2019-07-21','elena.rodriguez470@empresa.com','Activo',14,36),(471,'Diego Ortiz Díaz','555-7797',17300.00,'2022-07-28','diego.ortiz471@empresa.com','Activo',8,32),(472,'Alejandro Vázquez Ruiz','555-1320',35100.00,'2024-06-16','alejandro.vazquez472@empresa.com','Activo',9,33),(473,'Juan Ramírez Hernández','555-9818',42800.00,'2026-03-29','juan.ramirez473@empresa.com','Activo',10,34),(474,'Sofía Morales Rodríguez','555-1475',35400.00,'2022-05-12','sofia.morales474@empresa.com','Activo',11,35),(475,'Andrea Chávez Flores','555-8657',30000.00,'2019-06-07','andrea.chavez475@empresa.com','Activo',12,36),(476,'Isabel Pérez Vargas','555-8022',12100.00,'2019-07-10','isabel.perez476@empresa.com','Activo',13,32),(477,'Laura Ruiz Martínez','555-8449',18400.00,'2021-08-31','laura.ruiz477@empresa.com','Activo',14,33),(478,'Raúl Flores Martínez','555-2341',40100.00,'2023-04-11','raul.flores478@empresa.com','Activo',8,34),(479,'Isabel Ruiz Ramírez','555-1508',11300.00,'2020-10-09','isabel.ruiz479@empresa.com','Activo',9,35),(480,'Juan Cruz Díaz','555-2874',22000.00,'2024-04-29','juan.cruz480@empresa.com','Activo',10,36),(481,'Alejandro Ortiz Martínez','555-2876',19700.00,'2019-11-02','alejandro.ortiz481@empresa.com','Activo',11,32),(482,'María Reyes Pérez','555-7498',50100.00,'2026-01-07','maria.reyes482@empresa.com','Activo',12,33),(483,'Manuel Álvarez Rodríguez','555-2983',26800.00,'2024-05-07','manuel.alvarez483@empresa.com','Activo',13,34),(484,'Lucía Jiménez Vázquez','555-9289',17300.00,'2025-04-06','lucia.jimenez484@empresa.com','Activo',14,35),(485,'Beatriz Vázquez Rivera','555-6934',15000.00,'2025-02-16','beatriz.vazquez485@empresa.com','Activo',8,36),(486,'Alejandro Ortiz Díaz','555-9548',26900.00,'2025-04-18','alejandro.ortiz486@empresa.com','Activo',9,32),(487,'Mónica Vargas Jiménez','555-8136',43600.00,'2026-03-14','monica.vargas487@empresa.com','Activo',10,33),(488,'Sofía Rivera Vargas','555-4995',22900.00,'2023-03-19','sofia.rivera488@empresa.com','Activo',11,34),(489,'Andrea Flores Sánchez','555-6325',37300.00,'2020-01-15','andrea.flores489@empresa.com','Activo',12,35),(490,'Lucía Chávez Martínez','555-5526',39000.00,'2024-03-26','lucia.chavez490@empresa.com','Activo',13,36),(491,'Pedro Torres Rodríguez','555-4937',40800.00,'2025-09-29','pedro.torres491@empresa.com','Activo',14,32),(492,'Fernando Morales Castillo','555-5820',11700.00,'2020-06-26','fernando.morales492@empresa.com','Activo',8,33),(493,'Sofía Hernández Gutiérrez','555-9698',32400.00,'2021-11-09','sofia.hernandez493@empresa.com','Activo',9,34),(494,'Claudia Jiménez Sánchez','555-6023',28300.00,'2020-10-26','claudia.jimenez494@empresa.com','Activo',10,35),(495,'Claudia González Sánchez','555-4545',18700.00,'2026-04-14','claudia.gonzalez495@empresa.com','Activo',11,36),(496,'Ana Martínez Gómez','555-6124',21400.00,'2023-02-11','ana.martinez496@empresa.com','Activo',12,32),(497,'Luis Hernández Ruiz','555-8453',18900.00,'2021-07-09','luis.hernandez497@empresa.com','Activo',13,33),(498,'María Sánchez López','555-9321',27600.00,'2022-10-18','maria.sanchez498@empresa.com','Activo',14,34),(499,'Carlos Ramírez Torres','555-4789',19800.00,'2020-04-15','carlos.ramirez499@empresa.com','Activo',8,35),(500,'Patricia Gómez Flores','555-7234',31200.00,'2019-12-03','patricia.gomez500@empresa.com','Activo',9,36),(501,'Roberto Cruz Hernández','555-6548',16800.00,'2024-01-29','roberto.cruz501@empresa.com','Activo',10,32),(502,'Fernanda Morales Díaz','555-3214',24700.00,'2022-03-20','fernanda.morales502@empresa.com','Activo',11,33),(503,'Miguel Torres Castro','555-8126',29100.00,'2023-08-14','miguel.torres503@empresa.com','Activo',12,34),(504,'Daniela Pérez Jiménez','555-5498',22600.00,'2021-05-25','daniela.perez504@empresa.com','Activo',13,35),(505,'Jorge López Vargas','555-9932',35200.00,'2020-09-12','jorge.lopez505@empresa.com','Activo',14,36),(506,'Gabriela Flores Ruiz','555-4275',17400.00,'2025-02-18','gabriela.flores506@empresa.com','Activo',8,32),(507,'Ricardo Castillo Medina','555-6834',26700.00,'2022-06-09','ricardo.castillo507@empresa.com','Activo',9,33),(508,'Andrea Ortiz Sánchez','555-1589',23800.00,'2021-11-27','andrea.ortiz508@empresa.com','Activo',10,34),(509,'Pedro Navarro Chávez','555-7012',30400.00,'2019-08-31','pedro.navarro509@empresa.com','Activo',11,35),(510,'Mónica Rivera Morales','555-2641',18200.00,'2023-04-06','monica.rivera510@empresa.com','Activo',12,36),(511,'Eduardo Vázquez Gómez','555-8369',39500.00,'2024-10-10','eduardo.vazquez511@empresa.com','Activo',13,32),(512,'Natalia Jiménez Cruz','555-5187',24100.00,'2022-09-08','natalia.jimenez512@empresa.com','Activo',14,33),(513,'Alejandro Medina Torres','555-9745',32700.00,'2020-02-22','alejandro.medina513@empresa.com','Activo',8,34),(514,'Silvia Herrera Flores','555-6088',15600.00,'2025-05-15','silvia.herrera514@empresa.com','Activo',9,35),(515,'David Romero López','555-7426',28300.00,'2021-10-03','david.romero515@empresa.com','Activo',10,36),(516,'Claudia Mendoza Ruiz','555-3158',21900.00,'2022-01-14','claudia.mendoza516@empresa.com','Activo',11,32),(517,'José Vargas Hernández','555-4871',36500.00,'2023-07-19','jose.vargas517@empresa.com','Activo',12,33),(518,'Laura Castro Ramírez','555-9265',20400.00,'2020-12-08','laura.castro518@empresa.com','Activo',13,34),(519,'Hugo Reyes Gómez','555-1739',33900.00,'2024-06-27','hugo.reyes519@empresa.com','Activo',14,35),(520,'Verónica Álvarez Torres','555-8512',25800.00,'2021-03-17','veronica.alvarez520@empresa.com','Activo',8,36),(521,'Karen Martínez López','555-6182',19800.00,'2022-02-14','karen.martinez521@empresa.com','Activo',9,32),(522,'Héctor Gómez Ramírez','555-7319',24500.00,'2021-08-19','hector.gomez522@empresa.com','Activo',10,33),(523,'Laura Castillo Hernández','555-8402',21700.00,'2023-01-25','laura.castillo523@empresa.com','Activo',11,34),(524,'Miguel Pérez Torres','555-9127',28900.00,'2020-11-08','miguel.perez524@empresa.com','Activo',12,35),(525,'Valeria Sánchez Ruiz','555-3256',17500.00,'2024-03-18','valeria.sanchez525@empresa.com','Activo',13,36),(526,'José Hernández Flores','555-1472',33200.00,'2019-09-10','jose.hernandez526@empresa.com','Activo',14,32),(527,'Diana Romero García','555-5648',22100.00,'2022-05-27','diana.romero527@empresa.com','Activo',8,33),(528,'Francisco Navarro Cruz','555-7384',30400.00,'2021-12-15','francisco.navarro528@empresa.com','Activo',9,34),(529,'Paola Jiménez Vargas','555-2859',18300.00,'2023-07-11','paola.jimenez529@empresa.com','Activo',10,35),(530,'Eduardo Reyes Mendoza','555-4962',27100.00,'2020-06-30','eduardo.reyes530@empresa.com','Activo',11,36),(531,'Alejandra Ortiz López','555-8514',16400.00,'2024-09-04','alejandra.ortiz531@empresa.com','Activo',12,32),(532,'Javier Morales Díaz','555-9328',29600.00,'2022-04-21','javier.morales532@empresa.com','Activo',13,33),(533,'Carmen Rivera Torres','555-6735',24800.00,'2021-03-17','carmen.rivera533@empresa.com','Activo',14,34),(534,'Diego Flores Castillo','555-2048',19200.00,'2023-10-12','diego.flores534@empresa.com','Activo',8,35),(535,'Patricia Vázquez Ramírez','555-4817',31800.00,'2020-01-29','patricia.vazquez535@empresa.com','Activo',9,36),(536,'Sergio Medina Gómez','555-7105',28600.00,'2022-08-16','sergio.medina536@empresa.com','Activo',10,32),(537,'Natalia Cruz Hernández','555-8361',21400.00,'2021-11-24','natalia.cruz537@empresa.com','Activo',11,33),(538,'Andrés Chávez Flores','555-5926',16900.00,'2024-02-06','andres.chavez538@empresa.com','Activo',12,34),(539,'Claudia Herrera Ruiz','555-9083',34100.00,'2020-10-20','claudia.herrera539@empresa.com','Activo',13,35),(540,'Roberto Silva Martínez','555-1238',22500.00,'2023-05-09','roberto.silva540@empresa.com','Activo',14,36),(541,'Mónica Castro Jiménez','555-6571',25900.00,'2022-09-14','monica.castro541@empresa.com','Activo',8,32),(542,'Fernando Gutiérrez Reyes','555-3482',31200.00,'2021-07-03','fernando.gutierrez542@empresa.com','Activo',9,33),(543,'Gabriela Mendoza Ortiz','555-8724',18100.00,'2024-01-16','gabriela.mendoza543@empresa.com','Activo',10,34),(544,'Raúl Álvarez Torres','555-5391',29700.00,'2020-08-28','raul.alvarez544@empresa.com','Activo',11,35),(545,'Verónica Ramírez Castillo','555-7618',23600.00,'2023-06-22','veronica.ramirez545@empresa.com','Activo',12,36),(546,'Isabel Gómez Silva','555-1791',14700.00,'2024-01-04','isabel.gomez546@empresa.com','Activo',13,32),(547,'Diego Rodríguez López','555-9313',21900.00,'2018-06-03','diego.rodriguez547@empresa.com','Activo',14,33),(548,'Sofía Álvarez Romero','555-2144',23300.00,'2019-01-07','sofia.alvarez548@empresa.com','Activo',8,34),(549,'Verónica Álvarez López','555-3028',22400.00,'2025-01-27','veronica.alvarez549@empresa.com','Activo',9,35),(550,'Carmen López Silva','555-1812',22300.00,'2018-07-10','carmen.lopez550@empresa.com','Activo',10,36),(551,'Verónica Torres Jiménez','555-7867',18300.00,'2024-01-24','veronica.torres551@empresa.com','Activo',11,32),(552,'Fernanda Vázquez Castillo','555-2688',40700.00,'2024-05-28','fernanda.vazquez552@empresa.com','Activo',12,33),(553,'Carmen Ruiz Rodríguez','555-2596',39000.00,'2025-12-26','carmen.ruiz553@empresa.com','Activo',13,34),(554,'Luis López Vargas','555-9133',45800.00,'2023-12-18','luis.lopez554@empresa.com','Activo',14,35),(555,'Elena Rivera Castro','555-8424',29500.00,'2021-05-12','elena.rivera555@empresa.com','Activo',8,36),(556,'Valeria Castillo Ortiz','555-2341',40400.00,'2021-05-14','valeria.castillo556@empresa.com','Activo',9,32),(557,'Manuel Gutiérrez Medina','555-8353',25700.00,'2024-10-30','manuel.gutierrez557@empresa.com','Activo',10,33),(558,'Luis Sánchez Romero','555-3702',49700.00,'2021-11-02','luis.sanchez558@empresa.com','Activo',11,34),(559,'Daniela Gutiérrez Romero','555-1642',45200.00,'2018-11-14','daniela.gutierrez559@empresa.com','Activo',12,35),(560,'Verónica Rivera Medina','555-6737',41400.00,'2023-07-28','veronica.rivera560@empresa.com','Activo',13,36),(561,'Héctor Castro Hernández','555-2533',24800.00,'2023-04-26','hector.castro561@empresa.com','Activo',14,32),(562,'David Hernández López','555-6072',44100.00,'2024-06-25','david.hernandez562@empresa.com','Activo',8,33),(563,'Javier Díaz Jiménez','555-7320',45200.00,'2021-11-22','javier.diaz563@empresa.com','Activo',9,34),(564,'María Castro Chávez','555-3753',42200.00,'2019-04-25','maria.castro564@empresa.com','Activo',10,35),(565,'Laura López Vargas','555-5709',17600.00,'2026-04-13','laura.lopez565@empresa.com','Activo',11,36),(566,'Valeria Silva Silva','555-9134',15100.00,'2019-11-13','valeria.silva566@empresa.com','Activo',12,32),(567,'Silvia Silva Reyes','555-3243',52900.00,'2022-10-30','silvia.silva567@empresa.com','Activo',13,33),(568,'Verónica Reyes Romero','555-6878',45900.00,'2022-04-08','veronica.reyes568@empresa.com','Activo',14,34),(569,'Eduardo Gómez Pérez','555-3887',18700.00,'2020-08-08','eduardo.gomez569@empresa.com','Activo',8,35),(570,'Andrés Cruz Mendoza','555-8945',41100.00,'2020-01-17','andres.cruz570@empresa.com','Activo',9,36),(571,'Alejandro Jiménez Mendoza','555-3386',32400.00,'2023-12-30','alejandro.jimenez571@empresa.com','Activo',10,32),(572,'Beatriz Rivera Torres','555-9445',42600.00,'2025-05-06','beatriz.rivera572@empresa.com','Activo',11,33),(573,'Javier López Castro','555-7428',31300.00,'2022-06-23','javier.lopez573@empresa.com','Activo',12,34),(574,'Andrea Martínez Herrera','555-7560',14100.00,'2020-02-20','andrea.martinez574@empresa.com','Activo',13,35),(575,'Luis Vargas Díaz','555-3659',16600.00,'2021-10-24','luis.vargas575@empresa.com','Activo',14,36),(576,'Diana López Martínez','555-1003',40000.00,'2019-09-12','diana.lopez576@empresa.com','Activo',8,32),(577,'Hugo Martínez Rodríguez','555-1417',14600.00,'2020-05-01','hugo.martinez577@empresa.com','Activo',9,33),(578,'Francisco Navarro Gómez','555-5132',28700.00,'2024-10-02','francisco.navarro578@empresa.com','Activo',10,34),(579,'Beatriz Herrera Sánchez','555-2889',35900.00,'2023-03-24','beatriz.herrera579@empresa.com','Activo',11,35),(580,'Raúl Herrera Vázquez','555-2407',18300.00,'2019-02-23','raul.herrera580@empresa.com','Activo',12,36),(581,'Roberto Morales Herrera','555-3645',37400.00,'2018-04-05','roberto.morales581@empresa.com','Activo',13,32),(582,'Gabriela Rodríguez Gómez','555-9899',12300.00,'2023-12-04','gabriela.rodriguez582@empresa.com','Activo',14,33),(583,'Paola Pérez Morales','555-9493',29700.00,'2019-11-16','paola.perez583@empresa.com','Activo',8,34),(584,'Lucía Cruz Medina','555-4654',42300.00,'2020-03-10','lucia.cruz584@empresa.com','Activo',9,35),(585,'Valeria Silva Cruz','555-4275',37500.00,'2023-07-12','valeria.silva585@empresa.com','Activo',10,36),(586,'Lucía González González','555-5577',35100.00,'2020-11-27','lucia.gonzalez586@empresa.com','Activo',11,32),(587,'Miguel Chávez Díaz','555-6726',29600.00,'2018-11-26','miguel.chavez587@empresa.com','Activo',12,33),(588,'Eduardo Martínez Cruz','555-8701',21000.00,'2021-10-15','eduardo.martinez588@empresa.com','Activo',13,34),(589,'Gabriela Herrera Mendoza','555-8855',44400.00,'2021-11-10','gabriela.herrera589@empresa.com','Activo',14,35),(590,'Sergio Pérez Sánchez','555-7365',51000.00,'2025-12-24','sergio.perez590@empresa.com','Activo',8,36),(591,'Miguel Herrera Castillo','555-8109',51400.00,'2025-02-17','miguel.herrera591@empresa.com','Activo',9,32),(592,'Roberto Pérez Silva','555-8588',31500.00,'2026-05-03','roberto.perez592@empresa.com','Activo',10,33),(593,'Sofía Flores Flores','555-3081',12400.00,'2019-09-12','sofia.flores593@empresa.com','Activo',11,34),(594,'Héctor Castro Gómez','555-8771',44600.00,'2021-12-06','hector.castro594@empresa.com','Activo',12,35),(595,'Daniela Torres González','555-1233',51900.00,'2026-02-23','daniela.torres595@empresa.com','Activo',13,36),(596,'Sergio Martínez Torres','555-8107',20900.00,'2020-05-14','sergio.martinez596@empresa.com','Activo',14,32),(597,'María Morales Vargas','555-5799',36600.00,'2020-09-12','maria.morales597@empresa.com','Activo',8,33),(598,'Héctor Rivera Morales','555-9918',32400.00,'2019-06-21','hector.rivera598@empresa.com','Activo',9,34),(599,'Ana Chávez Castro','555-9466',32500.00,'2023-08-17','ana.chavez599@empresa.com','Activo',10,35),(600,'Jorge Gómez González','555-8211',50700.00,'2020-01-21','jorge.gomez600@empresa.com','Activo',11,36),(601,'Diana Mendoza Gómez','555-3823',18200.00,'2023-04-24','diana.mendoza601@empresa.com','Activo',12,32),(602,'Francisco Sánchez López','555-6340',45900.00,'2023-10-25','francisco.sanchez602@empresa.com','Activo',13,33),(603,'Manuel Herrera Martínez','555-1930',23700.00,'2020-02-23','manuel.herrera603@empresa.com','Activo',14,34),(604,'Natalia Ramírez Martínez','555-9318',34100.00,'2024-04-19','natalia.ramirez604@empresa.com','Activo',8,35),(605,'María Hernández Díaz','555-6334',42300.00,'2023-09-02','maria.hernandez605@empresa.com','Activo',9,36),(606,'Diana Ruiz Reyes','555-8411',37000.00,'2023-12-25','diana.ruiz606@empresa.com','Activo',10,32),(607,'Raúl Ortiz Morales','555-4319',33900.00,'2019-07-16','raul.ortiz607@empresa.com','Activo',11,33),(608,'Pedro Sánchez Silva','555-8243',27100.00,'2018-10-25','pedro.sanchez608@empresa.com','Activo',12,34),(609,'Andrés Ortiz Álvarez','555-2198',21800.00,'2025-07-05','andres.ortiz609@empresa.com','Activo',13,35),(610,'Paola Sánchez Gómez','555-6999',18300.00,'2020-11-02','paola.sanchez610@empresa.com','Activo',14,36),(611,'Jorge Castro Cruz','555-2542',31300.00,'2023-06-19','jorge.castro611@empresa.com','Activo',8,32),(612,'Ricardo Cruz Flores','555-8070',37300.00,'2022-07-13','ricardo.cruz612@empresa.com','Activo',9,33),(613,'Roberto Romero Ruiz','555-6842',27300.00,'2019-01-13','roberto.romero613@empresa.com','Activo',10,34),(614,'Beatriz González Medina','555-8514',33500.00,'2025-11-20','beatriz.gonzalez614@empresa.com','Activo',11,35),(615,'María Navarro Medina','555-9477',42900.00,'2021-04-25','maria.navarro615@empresa.com','Activo',12,36),(616,'Claudia Hernández Sánchez','555-4744',16300.00,'2018-12-11','claudia.hernandez616@empresa.com','Activo',13,32),(617,'Alejandro Reyes Ramírez','555-3974',24800.00,'2026-06-23','alejandro.reyes617@empresa.com','Activo',14,33),(618,'Jorge Álvarez Morales','555-7651',18600.00,'2024-01-07','jorge.alvarez618@empresa.com','Activo',8,34),(619,'Claudia Gutiérrez Rivera','555-2465',25200.00,'2018-08-24','claudia.gutierrez619@empresa.com','Activo',9,35),(620,'David Castillo Álvarez','555-2186',24700.00,'2018-03-10','david.castillo620@empresa.com','Activo',10,36),(621,'Carmen Pérez Morales','555-2372',42100.00,'2020-06-29','carmen.perez621@empresa.com','Activo',11,32),(622,'Luis Morales Sánchez','555-8434',11500.00,'2021-10-21','luis.morales622@empresa.com','Activo',12,33),(623,'Verónica Romero Reyes','555-3117',13200.00,'2023-11-29','veronica.romero623@empresa.com','Activo',13,34),(624,'Alejandra Ortiz Sánchez','555-3645',24400.00,'2018-07-26','alejandra.ortiz624@empresa.com','Activo',14,35),(625,'Patricia Ruiz Vázquez','555-5997',38100.00,'2020-04-23','patricia.ruiz625@empresa.com','Activo',8,36),(626,'José Díaz Castillo','555-5432',28700.00,'2018-03-16','jose.diaz626@empresa.com','Activo',9,32),(627,'Alejandro Ramírez Mendoza','555-1302',48500.00,'2023-09-03','alejandro.ramirez627@empresa.com','Activo',10,33),(628,'Verónica Ruiz Herrera','555-5025',33800.00,'2019-03-12','veronica.ruiz628@empresa.com','Activo',11,34),(629,'Andrés Álvarez Gutiérrez','555-9944',31100.00,'2023-09-07','andres.alvarez629@empresa.com','Activo',12,35),(630,'Paola Vargas Cruz','555-6614',21100.00,'2025-12-04','paola.vargas630@empresa.com','Activo',13,36),(631,'Carmen Torres Silva','555-6694',13700.00,'2019-06-16','carmen.torres631@empresa.com','Activo',14,32),(632,'Juan Hernández Morales','555-8057',19300.00,'2018-08-15','juan.hernandez632@empresa.com','Activo',8,33),(633,'Sofía Navarro Jiménez','555-4968',46400.00,'2021-04-15','sofia.navarro633@empresa.com','Activo',9,34),(634,'Carlos Castro Castillo','555-3581',24700.00,'2023-01-01','carlos.castro634@empresa.com','Activo',10,35),(635,'Juan Morales Rodríguez','555-6389',39000.00,'2021-08-18','juan.morales635@empresa.com','Activo',11,36),(636,'Valeria Ramírez Vázquez','555-4569',29200.00,'2020-01-20','valeria.ramirez636@empresa.com','Activo',12,32),(637,'Juan Medina Navarro','555-2374',35300.00,'2021-02-16','juan.medina637@empresa.com','Activo',13,33),(638,'Claudia Ruiz Ortiz','555-9269',50700.00,'2018-01-21','claudia.ruiz638@empresa.com','Activo',14,34),(639,'Sofía Morales Pérez','555-3357',31400.00,'2024-07-31','sofia.morales639@empresa.com','Activo',8,35),(640,'Carlos Silva González','555-5909',26500.00,'2025-01-23','carlos.silva640@empresa.com','Activo',9,36),(641,'Eduardo Pérez Gómez','555-7381',50100.00,'2021-08-28','eduardo.perez641@empresa.com','Activo',10,32),(642,'Laura Gómez Jiménez','555-3371',13200.00,'2026-01-07','laura.gomez642@empresa.com','Activo',11,33),(643,'Claudia Álvarez Torres','555-9581',49500.00,'2023-08-28','claudia.alvarez643@empresa.com','Activo',12,34),(644,'Karen González Cruz','555-2394',12500.00,'2018-06-21','karen.gonzalez644@empresa.com','Activo',13,35),(645,'Jorge Rodríguez Martínez','555-7170',34100.00,'2024-04-06','jorge.rodriguez645@empresa.com','Activo',14,36),(646,'Ana González Ortiz','555-9016',24500.00,'2018-01-14','ana.gonzalez646@empresa.com','Activo',8,32),(647,'Fernando Hernández Pérez','555-9617',14300.00,'2026-05-13','fernando.hernandez647@empresa.com','Activo',9,33),(648,'Raúl Morales Hernández','555-5350',23000.00,'2026-03-07','raul.morales648@empresa.com','Activo',10,34),(649,'Gabriela Cruz Castro','555-9092',30500.00,'2018-11-11','gabriela.cruz649@empresa.com','Activo',11,35),(650,'Raúl Jiménez Ramírez','555-4248',14900.00,'2024-09-22','raul.jimenez650@empresa.com','Activo',12,36);
/*!40000 ALTER TABLE `empleado` ENABLE KEYS */;
UNLOCK TABLES;

--
-- Table structure for table `puesto`
--

DROP TABLE IF EXISTS `puesto`;
/*!40101 SET @saved_cs_client     = @@character_set_client */;
/*!50503 SET character_set_client = utf8mb4 */;
CREATE TABLE `puesto` (
  `idPuesto` int NOT NULL AUTO_INCREMENT,
  `nombrePuesto` varchar(50) DEFAULT NULL,
  PRIMARY KEY (`idPuesto`)
) ENGINE=InnoDB AUTO_INCREMENT=37 DEFAULT CHARSET=utf8mb4 COLLATE=utf8mb4_0900_ai_ci;
/*!40101 SET character_set_client = @saved_cs_client */;

--
-- Dumping data for table `puesto`
--

LOCK TABLES `puesto` WRITE;
/*!40000 ALTER TABLE `puesto` DISABLE KEYS */;
INSERT INTO `puesto` VALUES (1,'Ejecutivo'),(2,'Auxiliar'),(3,'Programador'),(4,'Coordinador de Marketing'),(5,'Auxiliar Contable'),(6,'Ejecutivo de Ventas'),(7,'Gerente de Ventas'),(8,'Auditor Interno'),(9,'Especialista de Abastecimiento'),(10,'Asesor Comercial'),(11,'Diseñador Gráfico'),(12,'Generalista de RRHH'),(13,'Gerente de RRHH'),(14,'Especialista SEO'),(15,'Analista de Nómina'),(16,'Supervisor de Planta'),(17,'Soporte Técnico'),(18,'Auxiliar de RRHH'),(19,'Gerente de Finanzas'),(20,'Administrador de Redes'),(21,'Contador'),(22,'Coordinador de Ventas'),(23,'Gerente de Compras'),(24,'Operador de Logística'),(25,'Analista de Compras'),(26,'Analista de Sistemas'),(27,'Gerente de TI'),(28,'Gerente de Operaciones'),(29,'Auxiliar de Compras'),(30,'Coordinador de Operaciones'),(31,'Gerente de Marca'),(32,'Gerente'),(33,'Supervisor'),(34,'Analista'),(35,'Auxiliar'),(36,'Coordinador');
/*!40000 ALTER TABLE `puesto` ENABLE KEYS */;
UNLOCK TABLES;
/*!40103 SET TIME_ZONE=@OLD_TIME_ZONE */;

/*!40101 SET SQL_MODE=@OLD_SQL_MODE */;
/*!40014 SET FOREIGN_KEY_CHECKS=@OLD_FOREIGN_KEY_CHECKS */;
/*!40014 SET UNIQUE_CHECKS=@OLD_UNIQUE_CHECKS */;
/*!40101 SET CHARACTER_SET_CLIENT=@OLD_CHARACTER_SET_CLIENT */;
/*!40101 SET CHARACTER_SET_RESULTS=@OLD_CHARACTER_SET_RESULTS */;
/*!40101 SET COLLATION_CONNECTION=@OLD_COLLATION_CONNECTION */;
/*!40111 SET SQL_NOTES=@OLD_SQL_NOTES */;

-- Dump completed on 2026-07-06  7:48:24
